{"cameraMode":{"drawMode":0,"name":"Shaded","section":"Shading Mode"},"sceneLighting":true,"audioPlay":false,"sceneViewState":{"showFog":true,"showMaterialUpdate":false,"showSkybox":true,"showFlares":true,"showImageEffects":true,"showParticleSystems":true},"in2DMode":false,"pivot":{"x":3.1652886867523195,"y":3.3160529136657717,"z":2.05802583694458},"rotation":{"x":0.12866747379302979,"y":-0.8627960681915283,"z":0.27429434657096865,"w":0.4047197997570038},"size":2.951077461242676,"orthographic":false}